{
    "train_accuracy": 0.7916666666666666,
    "test_accuracy": 0.5666666666666667,
    "train_f1": 0.7916666666666666,
    "test_f1": 0.5666666666666667
}