{
    "train_accuracy": 0.5833333333333334,
    "test_accuracy": 0.5,
    "train_f1": 0.5833333333333334,
    "test_f1": 0.5
}