{
    "train_accuracy": 0.9583333333333334,
    "test_accuracy": 0.9,
    "train_f1": 0.9583333333333334,
    "test_f1": 0.9
}