{
    "train_accuracy": 0.85,
    "test_accuracy": 0.7333333333333333,
    "train_f1": 0.85,
    "test_f1": 0.7333333333333333
}