{
    "train_accuracy": 0.5583333333333333,
    "test_accuracy": 0.4666666666666667,
    "train_f1": 0.5583333333333333,
    "test_f1": 0.4666666666666667
}